﻿Pepe,Pancho,Abogados Co,hepagoes@gmail.com,PODER LEGISLATIVO
Héctor Dino,González Torres,AVM Law,hedigoto@gmail.com,PODER LEGISLATIVO:PODER EJECUTIVO:PODER JUDICIAL:ORGANISMOS DESCONCENTRADOS O DESCENTRALIZADOS:
Juan Pablo,De la Vega,Abogados Co,a01722638@tec.mx,PODER LEGISLATIVO
Minwoo,Jeon,Minwoo Inc,minwoo@minwoo.com,PODER LEGISLATIVO:PODER EJECUTIVO:PODER JUDICIAL:CONVOCATORIAS PARA CONCURSOS DE ADQUISICIONES:CONVOCATORIAS PARA CONCURSOS DE PLAZAS VACANTES DEL SERVICIO:PROFESIONAL DE CARRERA EN LA ADMINISTRACION PUBLICA FEDERAL:
Hector Pablo,Gonzalez,AVM,hepagoes@gmail.com,PODER LEGISLATIVO:PODER EJECUTIVO:PODER JUDICIAL:ORGANISMOS AUTONOMOS:EMPRESAS PRODUCTIVAS DEL ESTADO:ORGANISMOS DESCONCENTRADOS O DESCENTRALIZADOS:CONVOCATORIAS PARA CONCURSOS DE ADQUISICIONES:ARRENDAMIENTOS, OBRAS Y SERVICIOS DEL SECTOR PUBLICO:CONVOCATORIAS PARA CONCURSOS DE PLAZAS VACANTES DEL SERVICIO:PROFESIONAL DE CARRERA EN LA ADMINISTRACION PUBLICA FEDERAL:AVISOS JUDICIALES Y GENERALES:
Person1,Lastname,Lawfirm1,email@email.com,PODER LEGISLATIVO:PODER EJECUTIVO:ORGANISMOS AUTONOMOS:EMPRESAS PRODUCTIVAS DEL ESTADO:AVISOS JUDICIALES Y GENERALES:
Sergio,Flores,Tec,sergio.flores.c@tec.mx,PODER LEGISLATIVO
